INSERT INTO genero (id, nombre) VALUES (1, 'Acción'), (2, 'Aventura'), (3, 'Ciencia Ficción'), (4, 'Drama'), (5, 'Comedia'), (6, 'Fantasía'), (7, 'Terror'), (8, 'Romance'), (9, 'Animación'), (10, 'Suspenso');
INSERT INTO peliculas_series (id, titulo, fecha_creacion, calificacion) VALUES (1, 'Avatar: El camino del agua', '2022-12-16', 8), (2, 'Spider-Man: No Way Home', '2021-12-17', 8), (3, 'The Batman', '2022-03-04', 8), (4, 'Jurassic World: Dominion', '2022-06-10', 6), (5, 'Top Gun: Maverick', '2022-05-27', 9), (6, 'Doctor Strange en el Multiverso de la Locura', '2022-05-06', 7), (7, 'Black Panther: Wakanda Forever', '2022-11-11', 7), (8, 'Thor: Love and Thunder', '2022-07-08', 6), (9, 'Lightyear', '2022-06-17', 6), (10, 'The Northman', '2022-04-22', 7);
INSERT INTO personajes (id, nombre, edad, peso, historia, fk_pelicula_serie_id) VALUES (1, 'Jake Sully', 35, 85.5, 'Ex-marine que se convierte en líder de los Na vi', 1), (2, 'Neytiri', 28, 65.2, 'Princesa y guerrera del clan Omaticaya', 1), (3, 'Peter Parker', 18, 70.0, 'Estudiante de secundaria con poderes de araña', 2), (4, 'Doctor Strange', 45, 82.0, 'Hechicero supremo del multiverso', 2), (5, 'Bruce Wayne', 30, 95.0, 'Multimillonario que lucha contra el crimen en Gotham', 3), (6, 'Selina Kyle', 25, 60.0, 'Ladrona profesional conocida como Catwoman', 3), (7, 'Owen Grady', 40, 85.0, 'Experto en entrenamiento de dinosaurios', 4), (8, 'Claire Dearing', 38, 62.0, 'Ex gerente del parque Jurassic World', 4), (9, 'Pete Maverick Mitchell', 55, 80.0, 'Piloto de pruebas legendario de la marina', 5), (10, 'Bradley Rooster Bradshaw', 38, 78.0, 'Hijo de Goose, piloto de la marina', 5), (11, 'Wanda Maximoff', 35, 58.0, 'Bruja poderosa con habilidades de realidad alterada', 6), (12, 'America Chavez', 16, 55.0, 'Joven heroína capaz de viajar entre multiversos', 6), (13, 'Shuri', 19, 57.0, 'Princesa de Wakanda y genio tecnológica', 7), (14, 'Namor', 45, 75.0, 'Rey de Talocan, reino submarino', 7), (15, 'Thor Odinson', 1500, 120.0, 'Dios del trueno de Asgard', 8), (16, 'Jane Foster', 35, 60.0, 'Astrofísica que obtiene los poderes de Thor', 8), (17, 'Buzz Lightyear', 35, 85.0, 'Guardia espacial del Comando Estelar', 9), (18, 'Izzy Hawthorne', 22, 60.0, 'Nieta de la comandante Alisha Hawthorne', 9), (19, 'Amleth', 25, 90.0, 'Príncipe vikingo en busca de venganza', 10), (20, 'Olga', 22, 55.0, 'Hechicera eslava que ayuda a Amleth', 10);
INSERT INTO genero_pelicula (fk_pelicula_serie_id, fk_genero_id) VALUES (1, 1), (1, 2), (1, 3), (2, 1), (2, 2), (2, 3), (3, 1), (3, 4), (3, 10), (4, 1), (4, 2), (4, 3), (5, 1), (5, 4), (6, 1), (6, 2), (6, 6), (7, 1), (7, 2), (7, 3), (8, 1), (8, 2), (8, 5), (9, 9), (9, 2), (9, 3), (10, 1), (10, 2), (10, 4);
-- Reiniciar el contador
ALTER TABLE genero ALTER COLUMN id RESTART WITH 11;
ALTER TABLE peliculas_series ALTER COLUMN id RESTART WITH 11;
ALTER TABLE personajes ALTER COLUMN id RESTART WITH 21;
